{
  "dataset": "PerfectAIIP16",
  "sourceFolder": "Datasets\\PerfectAIIP16",
  "processedFileCount": 15,
  "skippedFileCount": 0,
  "statistics": {
    "ForensicData": {
      "bleedScore": {
        "count": 6000,
        "min": 1.514,
        "max": 62.437,
        "mean": 21.28955266666667,
        "avg": 21.28955266666667,
        "std": 10.032499653138604
      },
      "edgeDensity": {
        "count": 6000,
        "min": 0.00438,
        "max": 0.36625,
        "mean": 0.14574759166666668,
        "avg": 0.14574759166666668,
        "std": 0.060443436347960317
      },
      "edgeTurbulence": {
        "count": 6000,
        "min": 16.83,
        "max": 122.854,
        "mean": 87.12550366666666,
        "avg": 87.12550366666666,
        "std": 16.35690071931884
      },
      "localVariance": {
        "count": 6000,
        "min": 3.182,
        "max": 114.737,
        "mean": 56.36255733333333,
        "avg": 56.36255733333333,
        "std": 20.913881110362553
      }
    },
    "PhysicalPrintData": {
      "bleedScore": {
        "count": 15,
        "min": 15.354,
        "max": 26.377,
        "mean": 20.4744,
        "avg": 20.4744,
        "std": 3.168430648338911
      },
      "dotCircularity": {
        "count": 15,
        "min": 0.599,
        "max": 0.703,
        "mean": 0.6527999999999999,
        "avg": 0.6527999999999999,
        "std": 0.02782133473912901
      },
      "edgeTurbulence": {
        "count": 15,
        "min": 69.548,
        "max": 107.668,
        "mean": 89.06,
        "avg": 89.06,
        "std": 9.865001665821788
      },
      "lineContinuity": {
        "count": 15,
        "min": 37.38,
        "max": 57.861,
        "mean": 43.915733333333336,
        "avg": 43.915733333333336,
        "std": 6.35932915190134
      },
      "localVariance": {
        "count": 15,
        "min": 55.629,
        "max": 84.93,
        "mean": 72.20573333333333,
        "avg": 72.20573333333333,
        "std": 9.282625867477131
      }
    },
    "QRGeometryData": {
      "cornerSharpness": {
        "count": 15,
        "min": 200.0,
        "max": 200.0,
        "mean": 200.0,
        "avg": 200.0,
        "std": 0.0
      },
      "edgeTurbulence": {
        "count": 15,
        "min": 20.536,
        "max": 75.909,
        "mean": 40.8478,
        "avg": 40.8478,
        "std": 10.765958524906178
      },
      "moduleUniformity": {
        "count": 15,
        "min": 0.013,
        "max": 0.027,
        "mean": 0.022133333333333335,
        "avg": 0.022133333333333335,
        "std": 0.003612324582438418
      },
      "spacingVariance": {
        "count": 15,
        "min": 0.0,
        "max": 3454.21,
        "mean": 230.28066666666666,
        "avg": 230.28066666666666,
        "std": 861.6313574645611
      },
      "syntheticRisk": {
        "count": 15,
        "min": 25.0,
        "max": 45.0,
        "mean": 43.666666666666664,
        "avg": 43.666666666666664,
        "std": 4.988876515698588
      }
    }
  },
  "physicalStabilityReport": {
    "bleedScoreStd": 3.168430648338911,
    "lineContinuityStd": 6.35932915190134,
    "dotCircularityStd": 0.02782133473912901,
    "edgeTurbulenceStd": 9.865001665821788,
    "localVarianceStd": 9.282625867477131
  },
  "skippedFiles": []
}