{
  "dataset": "GenuineIP16",
  "sourceFolder": "Datasets\\GenuineIP16",
  "processedFileCount": 15,
  "skippedFileCount": 0,
  "statistics": {
    "ForensicData": {
      "bleedScore": {
        "count": 6000,
        "min": 2.456,
        "max": 66.147,
        "mean": 20.568513666666664,
        "avg": 20.568513666666664,
        "std": 10.572819822788363
      },
      "edgeDensity": {
        "count": 6000,
        "min": 0.01562,
        "max": 0.295,
        "mean": 0.14360640833333335,
        "avg": 0.14360640833333335,
        "std": 0.03801251257173876
      },
      "edgeTurbulence": {
        "count": 6000,
        "min": 31.625,
        "max": 116.291,
        "mean": 88.3672945,
        "avg": 88.3672945,
        "std": 9.710193173401327
      },
      "localVariance": {
        "count": 6000,
        "min": 6.273,
        "max": 115.998,
        "mean": 55.58879866666667,
        "avg": 55.58879866666667,
        "std": 18.99979227385039
      }
    },
    "PhysicalPrintData": {
      "bleedScore": {
        "count": 15,
        "min": 18.195,
        "max": 20.767,
        "mean": 19.554266666666667,
        "avg": 19.554266666666667,
        "std": 0.6794932883324818
      },
      "dotCircularity": {
        "count": 15,
        "min": 0.669,
        "max": 0.732,
        "mean": 0.7013333333333333,
        "avg": 0.7013333333333333,
        "std": 0.016373420195209317
      },
      "edgeTurbulence": {
        "count": 15,
        "min": 88.135,
        "max": 90.217,
        "mean": 89.09313333333333,
        "avg": 89.09313333333333,
        "std": 0.506590546913601
      },
      "lineContinuity": {
        "count": 15,
        "min": 45.912,
        "max": 51.68,
        "mean": 49.20086666666667,
        "avg": 49.20086666666667,
        "std": 1.8401378523239924
      },
      "localVariance": {
        "count": 15,
        "min": 70.724,
        "max": 79.543,
        "mean": 76.1572,
        "avg": 76.1572,
        "std": 2.28482945242455
      }
    },
    "QRGeometryData": {
      "cornerSharpness": {
        "count": 15,
        "min": 200.0,
        "max": 200.0,
        "mean": 200.0,
        "avg": 200.0,
        "std": 0.0
      },
      "edgeTurbulence": {
        "count": 15,
        "min": 28.834,
        "max": 83.754,
        "mean": 36.96053333333334,
        "avg": 36.96053333333334,
        "std": 12.730151870613678
      },
      "moduleUniformity": {
        "count": 15,
        "min": 0.011,
        "max": 0.026,
        "mean": 0.021933333333333336,
        "avg": 0.021933333333333336,
        "std": 0.003453822359196965
      },
      "spacingVariance": {
        "count": 15,
        "min": 0.0,
        "max": 0.0,
        "mean": 0.0,
        "avg": 0.0,
        "std": 0.0
      },
      "syntheticRisk": {
        "count": 15,
        "min": 45.0,
        "max": 45.0,
        "mean": 45.0,
        "avg": 45.0,
        "std": 0.0
      }
    }
  },
  "physicalStabilityReport": {
    "bleedScoreStd": 0.6794932883324818,
    "lineContinuityStd": 1.8401378523239924,
    "dotCircularityStd": 0.016373420195209317,
    "edgeTurbulenceStd": 0.506590546913601,
    "localVarianceStd": 2.28482945242455
  },
  "skippedFiles": []
}