{
  "dataset": "GeminiAiPerfectDaylightA12",
  "sourceFolder": "C:\\Users\\HAMZA\\OneDrive\\Desktop\\KhareedLe-Ecommerce\\XARENA_R&D\\xarqrcode\\xarsignaturesystem\\Datasets\\GeminiAiPerfectDaylightA12",
  "processedFileCount": 15,
  "skippedFileCount": 0,
  "statistics": {
    "ForensicData": {
      "bleedScore": {
        "count": 6000,
        "min": 0.407,
        "max": 57.067,
        "mean": 15.576765499999999,
        "avg": 15.576765499999999,
        "std": 9.969815510271145
      },
      "edgeDensity": {
        "count": 6000,
        "min": 0.0,
        "max": 0.3175,
        "mean": 0.10532093166666667,
        "avg": 0.10532093166666667,
        "std": 0.056257069890062086
      },
      "edgeTurbulence": {
        "count": 6000,
        "min": 0.0,
        "max": 118.703,
        "mean": 74.296102,
        "avg": 74.296102,
        "std": 20.03766993576339
      },
      "localVariance": {
        "count": 6000,
        "min": 1.244,
        "max": 112.214,
        "mean": 43.681163833333336,
        "avg": 43.681163833333336,
        "std": 22.84143598802387
      }
    },
    "PhysicalPrintData": {
      "bleedScore": {
        "count": 15,
        "min": 10.51,
        "max": 18.828,
        "mean": 14.861333333333333,
        "avg": 14.861333333333333,
        "std": 2.562729968000704
      },
      "dotCircularity": {
        "count": 15,
        "min": 0.611,
        "max": 0.716,
        "mean": 0.6582666666666667,
        "avg": 0.6582666666666667,
        "std": 0.031135117721883678
      },
      "edgeTurbulence": {
        "count": 15,
        "min": 64.761,
        "max": 87.894,
        "mean": 77.94933333333333,
        "avg": 77.94933333333333,
        "std": 8.211685516519873
      },
      "lineContinuity": {
        "count": 15,
        "min": 39.283,
        "max": 54.373,
        "mean": 43.358533333333334,
        "avg": 43.358533333333334,
        "std": 4.5301305038842115
      },
      "localVariance": {
        "count": 15,
        "min": 44.763,
        "max": 73.397,
        "mean": 59.20226666666667,
        "avg": 59.20226666666667,
        "std": 9.44702039422425
      }
    },
    "QRGeometryData": {
      "cornerSharpness": {
        "count": 15,
        "min": 200.0,
        "max": 200.0,
        "mean": 200.0,
        "avg": 200.0,
        "std": 0.0
      },
      "edgeTurbulence": {
        "count": 15,
        "min": 31.414,
        "max": 88.011,
        "mean": 46.53306666666666,
        "avg": 46.53306666666666,
        "std": 15.179493085373071
      },
      "moduleUniformity": {
        "count": 15,
        "min": 0.012,
        "max": 0.026,
        "mean": 0.020133333333333333,
        "avg": 0.020133333333333333,
        "std": 0.003774770044504551
      },
      "spacingVariance": {
        "count": 15,
        "min": 0.0,
        "max": 0.0,
        "mean": 0.0,
        "avg": 0.0,
        "std": 0.0
      },
      "syntheticRisk": {
        "count": 15,
        "min": 45.0,
        "max": 45.0,
        "mean": 45.0,
        "avg": 45.0,
        "std": 0.0
      }
    }
  },
  "physicalStabilityReport": {
    "bleedScoreStd": 2.562729968000704,
    "bleedScoreCV": 0.17244280244038473,
    "lineContinuityStd": 4.5301305038842115,
    "lineContinuityCV": 0.10448071361310372,
    "dotCircularityStd": 0.031135117721883678,
    "dotCircularityCV": 0.047298639439766574,
    "edgeTurbulenceStd": 8.211685516519873,
    "edgeTurbulenceCV": 0.10534644961496195,
    "localVarianceStd": 9.44702039422425,
    "localVarianceCV": 0.15957193746338963
  },
  "skippedFiles": []
}